sample_id,year,qtr,quarter,aluminium,ammonium,chloride,fluoride,iron,magnesium,manganese,nitrate,phosphate,sodium,sulphate,compliance_%
B10,2017,1,Jan-Mar,0.16,0.29,65,0.36,0.25,22.0,0.09,0.9,0.53,60.0,204.0,81.82
B10,2017,2,Apr-Jun,0.11,0.62,87,0.26,0.18,31.0,0.08,1.58,0.45,81.0,367.0,72.73
B10,2017,3,Jul-Sep,0.08,0.53,75,0.32,0.15,37.0,0.15,1.79,0.56,98.0,311.0,81.82
B10,2017,4,Oct-Dec,0.09,0.8,76,0.33,0.13,37.0,0.28,1.05,0.5,87.0,407.0,63.64
K19,2017,1,Jan-Mar,0.14,1.11,59,0.31,0.2,20.0,0.23,2.96,0.5,49.0,154.0,72.73
K19,2017,2,Apr-Jun,0.08,1.48,65,0.24,0.22,22.0,0.22,4.32,0.77,60.0,211.0,63.64
K19,2017,3,Jul-Sep,0.1,1,60,0.41,0.36,24.0,0.34,5.69,0.8,72.0,257.0,72.73
K19,2017,4,Oct-Dec,0.06,1.76,53,0.2,0.16,20.0,0.2,3.63,0.91,61.0,198.0,81.82
LS1,2017,1,Jan-Mar,0.11,0.1,177,0.32,0.18,12.0,0.08,5.9,0.18,61.0,282.0,72.73
LS1,2017,2,Apr-Jun,0.14,0.07,132,0.68,0.18,15.0,0.17,3.17,0.2,155.0,273.0,63.64
LS1,2017,3,Jul-Sep,0.04,0.54,87,0.46,0.08,17.0,0.33,1.61,0.27,93.0,285.0,63.64
LS1,2017,4,Oct-Dec,0.07,1.44,34,0.32,0.13,21.0,0.43,0.64,0.45,78.0,165.0,72.73
RV2,2017,1,Jan-Mar,0.25,1.37,47,0.37,0.28,17.0,0.16,3.15,0.48,35.0,100.0,81.82
RV2,2017,2,Apr-Jun,0.09,2.65,49,0.32,0.24,16.0,0.15,2.99,0.81,45.0,116.0,81.82
RV2,2017,3,Jul-Sep,0.05,7.01,34,0.4,0.35,15.0,0.27,1.95,1.31,45.0,89.0,72.73
RV2,2017,4,Oct-Dec,0.06,6.09,38,0.26,0.17,15.0,0.14,1.49,1.15,37.0,101.0,81.82
S2,2017,1,Jan-Mar,0.19,0.2,53,0.32,0.17,18.0,0.06,1.08,0.43,45.0,138.0,90.91
S2,2017,2,Apr-Jun,0.12,0.3,78,0.26,0.21,29.0,0.12,1.88,0.33,74.0,297.0,72.73
S2,2017,3,Jul-Sep,0.13,0.06,77,0.33,0.2,35.0,0.1,1.78,0.26,92.0,317.0,72.73
S2,2017,4,Oct-Dec,0.05,0.15,85,0.24,0.05,36.0,0.05,1.56,0.39,95.0,436.0,72.73
TW2,2017,1,Jan-Mar,0.18,0.11,171,0.66,0.17,25.0,0.09,2.15,0.89,109.0,141.0,72.73
TW2,2017,2,Apr-Jun,0.08,0.09,165,0.41,0.09,25.0,0.06,2.36,0.71,88.0,150.0,81.82
TW2,2017,3,Jul-Sep,0.71,0.05,111,0.53,0.23,15.0,0.04,1.59,0.8,48.0,92.0,72.73
TW2,2017,4,Oct-Dec,0.22,0.06,154,0.57,0.22,21.0,0.25,0.72,1.06,76.0,100.0,72.73
V17,2017,1,Jan-Mar,0.97,0.25,32,0.31,0.44,14.0,0.09,1.67,0.22,30.0,98.0,81.82
V17,2017,2,Apr-Jun,0.12,1.2,63,0.27,0.16,20.0,0.12,3.91,0.39,51.0,167.0,81.82
V17,2017,3,Jul-Sep,0.14,2.26,45,0.4,0.16,19.0,0.06,2.88,0.54,56.0,165.0,81.82
V17,2017,4,Oct-Dec,0.13,2,48,0.23,0.16,20.0,0.12,2.07,0.61,55.0,171.0,81.82
V2,2017,1,Jan-Mar,1.44,0.12,6,0.27,0.77,5.0,0.01,0.41,0.15,8.0,13.0,81.82
V2,2017,2,Apr-Jun,0.85,0.45,21,0.2,0.79,10.0,0.04,1.03,0.23,16.0,23.0,81.82
V2,2017,3,Jul-Sep,3.06,0.08,6,0.32,2.78,7.0,0.03,0.46,0.18,14.0,23.0,72.73
V2,2017,4,Oct-Dec,1.87,0.05,6,0.19,0.95,6.0,0.01,0.44,0.2,9.0,13.0,81.82
VRB20,2017,1,Jan-Mar,0.15,0.34,28,0.25,0.17,16.0,0.19,1.82,0.3,36.0,117.0,90.91
VRB20,2017,2,Apr-Jun,0.08,0.98,70,0.27,0.11,23.0,0.2,3.45,0.42,61.0,198.0,90.91
VRB20,2017,3,Jul-Sep,0.06,0.59,49,0.34,0.09,23.0,0.12,4.15,0.37,63.0,204.0,81.82
VRB20,2017,4,Oct-Dec,0.03,1.06,53,0.2,0.02,21.0,0.13,3.23,0.37,59.0,218.0,72.73
VRB37,2017,1,Jan-Mar,0.18,0.49,44,0.32,0.18,17.0,0.23,2.46,9.77,41.0,152.0,81.82
VRB37,2017,2,Apr-Jun,0.03,1.08,69,0.28,0.04,24.0,0.13,3.48,0.47,60.0,206.0,72.73
VRB37,2017,3,Jul-Sep,0.22,0.76,49,0.39,0.31,22.0,0.17,3.97,0.51,60.0,205.0,81.82
VRB37,2017,4,Oct-Dec,0.05,1.01,52,0.2,0.07,21.0,0.15,3.32,0.4,57.0,200.0,81.82
B10,2018,1,Jan-Mar,0.13,0.35,65,0.27,0.19,31.0,0.12,0.98,0.5,81.0,261.0,81.82
B10,2018,2,Apr-Jun,0.09,0.39,63,0.23,0.17,26.0,0.09,0.83,0.46,67.0,287.0,81.82
B10,2018,3,Jul-Sep,0.08,0.3,100,0.26,0.11,37.0,0.24,1.34,0.67,264.0,615.0,54.55
B10,2018,4,Oct-Dec,0.03,1.1,70,1.05,0.08,28.0,0.22,2.26,0.9,91.0,296.0,54.55
K19,2018,1,Jan-Mar,0.13,0.57,50,0.23,0.23,18.0,0.18,4.55,0.52,59.0,135.0,90.91
K19,2018,2,Apr-Jun,0.1,0.58,55,0.19,0.2,22.0,0.27,5.17,0.47,59.0,200.0,81.82
K19,2018,3,Jul-Sep,0.05,1.87,61,0.22,0.12,20.0,0.27,4.46,0.7,64.0,175.0,72.73
K19,2018,4,Oct-Dec,0.03,2.79,47,0.48,0.07,16.0,0.18,2.47,0.98,61.0,103.0,81.82
LS1,2018,1,Jan-Mar,0.11,0.64,59,0.45,0.16,18.0,0.3,0.54,0.43,96.0,153.0,81.82
LS1,2018,2,Apr-Jun,0.16,1.03,69,0.36,0.19,21.0,0.09,7.8,0.32,98.0,188.0,72.73
LS1,2018,3,Jul-Sep,0.08,0.09,99,0.31,0.11,25.0,0.08,7,0.22,115.0,318.0,54.55
LS1,2018,4,Oct-Dec,0.19,0.14,51,0.67,0.24,10.0,0.08,2.7,0.25,71.0,90.0,90.91
RV2,2018,1,Jan-Mar,0.13,4.45,33,0.3,0.23,19.0,0.17,1.92,0.78,44.0,85.0,81.82
RV2,2018,2,Apr-Jun,0.09,8.32,37,0.23,0.31,17.0,0.64,0.6,1.3,36.0,92.0,72.73
RV2,2018,3,Jul-Sep,0.04,11.93,38,0.21,0.23,16.0,0.2,0.52,1.35,41.0,93.0,81.82
RV2,2018,4,Oct-Dec,0.03,8.78,36,0.48,0.16,15.0,0.12,2.87,1.22,44.0,80.0,81.82
S2,2018,1,Jan-Mar,0.13,0.1,67,0.26,0.2,26.0,0.12,1.18,0.28,68.0,265.0,81.82
S2,2018,2,Apr-Jun,0.19,0.07,61,0.21,0.24,23.0,0.15,1.23,0.33,55.0,238.0,81.82
S2,2018,3,Jul-Sep,0.06,0.09,92,0.23,0.09,36.0,0.08,1.7,0.28,96.0,497.0,72.73
S2,2018,4,Oct-Dec,0.04,0.04,88,0.68,0.08,29.0,0.07,3.61,0.41,90.0,391.0,72.73
TW2,2018,1,Jan-Mar,0.26,0.08,105,0.47,0.37,16.0,0.15,0.63,0.99,58.0,79.0,81.82
TW2,2018,2,Apr-Jun,0.2,0.78,79,0.33,0.22,22.0,0.08,1.38,0.72,74.0,73.0,81.82
TW2,2018,3,Jul-Sep,0.1,0.11,149,0.47,0.13,22.0,0.17,1.19,0.63,56.0,102.0,81.82
TW2,2018,4,Oct-Dec,0.14,0.32,107,0.99,0.17,24.0,0.53,1.34,0.87,51.0,184.0,72.73
V17,2018,1,Jan-Mar,0.07,0.29,45,0.25,0.14,19.0,0.04,2.03,0.26,52.0,145.0,90.91
V17,2018,2,Apr-Jun,0.11,1.11,38,0.19,0.15,17.0,0.13,2.04,0.25,41.0,120.0,81.82
V17,2018,3,Jul-Sep,0.13,2.71,63,0.23,0.11,25.0,0.49,3.03,0.52,61.0,217.0,63.64
V17,2018,4,Oct-Dec,0.07,2.33,59,0.65,0.08,18.0,0.1,2.15,0.76,58.0,210.0,72.73
V2,2018,1,Jan-Mar,0.42,0.09,7,0.23,0.37,8.0,0.03,0.44,0.17,16.0,14.0,90.91
V2,2018,2,Apr-Jun,0.55,0.08,9,0.2,0.82,8.0,0.07,0.44,0.18,10.0,17.0,81.82
V2,2018,3,Jul-Sep,0.94,0.1,7,0.19,0.86,7.0,0.17,0.46,0.18,11.0,18.0,81.82
V2,2018,4,Oct-Dec,0.6,0.04,7,0.29,1.19,9.0,0.11,0.5,0.25,16.0,19.0,72.73
VRB20,2018,1,Jan-Mar,0.07,0.38,43,0.27,0.06,19.0,0.11,2.87,0.33,49.0,133.0,90.91
VRB20,2018,2,Apr-Jun,0.48,0.36,40,0.2,0.33,19.0,0.19,2.78,0.27,45.0,140.0,90.91
VRB20,2018,3,Jul-Sep,0.07,1.73,59,0.22,0.06,22.0,0.12,4.03,0.46,63.0,194.0,81.82
VRB20,2018,4,Oct-Dec,0.03,3.17,62,0.51,0.03,18.0,0.09,3.88,0.74,60.0,168.0,81.82
VRB37,2018,1,Jan-Mar,0.05,0.23,45,0.28,0.08,19.0,0.15,3.2,0.35,50.0,158.0,90.91
VRB37,2018,2,Apr-Jun,0.07,0.41,37,0.2,0.14,19.0,0.17,2.83,0.29,44.0,153.0,90.91
VRB37,2018,3,Jul-Sep,0.06,1.33,59,0.22,0.13,23.0,0.21,3.95,0.53,66.0,213.0,63.64
VRB37,2018,4,Oct-Dec,0.03,3.78,58,0.57,0.04,17.0,0.16,3.73,0.9,59.0,173.0,81.82
B10,2019,1,Jan-Mar,0.06,1.11,67,0.87,0.16,20.0,0.12,1.18,0.63,66.0,214.0,72.73
B10,2019,2,Apr-Jun,0.06,0.19,66,1.11,0.1,24.0,0.09,1.28,0.48,68.0,334.0,72.73
B10,2019,3,Jul-Sep,0.07,0.44,81,1.45,0.1,33.0,0.24,1.97,0.43,101.0,424.0,45.45
B10,2019,4,Oct-Dec,0.16,0.96,88,1.72,0.03,37.0,0.52,2.35,0.56,116.0,436.0,45.45
K19,2019,1,Jan-Mar,0.03,1.52,42,0.7,0.07,17.0,0.15,3.27,0.6,45.0,146.0,81.82
K19,2019,2,Apr-Jun,0.07,2.34,50,0.88,0.11,20.0,0.3,3.82,0.52,54.0,160.0,72.73
K19,2019,3,Jul-Sep,0.04,5.17,57,0.97,0.13,22.0,0.44,2.75,0.89,67.0,183.0,72.73
K19,2019,4,Oct-Dec,0.07,5.51,55,0.95,0.09,18.0,0.27,2.15,0.87,63.0,150.0,72.73
LS1,2019,1,Jan-Mar,0.83,0.5,22,0.42,0.45,5.0,0.04,1.22,0.26,17.0,19.0,81.82
LS1,2019,2,Apr-Jun,0.12,0.18,37,0.58,0.14,11.0,0.04,1.45,0.25,41.0,55.0,90.91
LS1,2019,3,Jul-Sep,0.2,0.31,38,0.57,0.24,11.0,0.27,1.4,0.25,40.0,41.0,81.82
LS1,2019,4,Oct-Dec,0.06,0.07,25,0.67,0.55,8.0,0.68,0.53,0.36,29.0,43.0,81.82
RV2,2019,1,Jan-Mar,0.12,3.56,34,0.6,0.3,13.0,0.13,2.3,0.73,31.0,76.0,81.82
RV2,2019,2,Apr-Jun,0.08,8,36,0.7,0.25,19.0,0.23,0.63,0.81,43.0,83.0,72.73
RV2,2019,3,Jul-Sep,0.03,10.48,39,0.71,0.28,19.0,0.32,0.55,1.04,49.0,94.0,72.73
RV2,2019,4,Oct-Dec,0.06,6.93,34,0.79,0.22,16.0,0.16,0.53,1.08,43.0,84.0,81.82
S2,2019,1,Jan-Mar,0.04,0.12,73,0.86,0.08,20.0,0.03,1.28,0.42,65.0,217.0,81.82
S2,2019,2,Apr-Jun,0.1,0.1,66,1.05,0.11,23.0,0.07,1.35,0.32,66.0,305.0,72.73
S2,2019,3,Jul-Sep,0.04,0.94,87,1.36,0.07,34.0,0.07,2.13,0.32,117.0,442.0,54.55
S2,2019,4,Oct-Dec,0.23,0.09,96,1.75,0.11,29.0,0.06,1.38,0.35,169.0,451.0,54.55
TW2,2019,1,Jan-Mar,0.06,0.07,98,1.52,0.24,18.0,0.57,0.6,0.72,60.0,122.0,63.64
TW2,2019,2,Apr-Jun,0.09,0.04,117,1.08,0.13,21.0,0.16,0.79,0.44,55.0,92.0,72.73
TW2,2019,3,Jul-Sep,0.1,0.06,110,1.06,0.14,20.0,0.26,0.74,0.61,56.0,93.0,63.64
TW2,2019,4,Oct-Dec,0.07,0.12,87,1.69,0.16,16.0,0.27,0.56,0.96,50.0,92.0,63.64
V17,2019,1,Jan-Mar,0.05,0.82,43,0.65,0.09,14.0,0.05,2.33,0.44,39.0,123.0,90.91
V17,2019,2,Apr-Jun,0.05,2.25,47,0.79,0.05,18.0,0.12,2.32,0.37,49.0,137.0,81.82
V17,2019,3,Jul-Sep,0.03,6.13,47,0.81,0.05,20.0,0.01,1.71,0.72,54.0,139.0,81.82
V17,2019,4,Oct-Dec,0.12,4.15,52,0.97,0.12,19.0,0.19,1.6,0.95,60.0,155.0,81.82
V2,2019,1,Jan-Mar,0.73,0.11,8,0.32,1.1,6.0,0.02,0.52,0.25,10.0,21.0,72.73
V2,2019,2,Apr-Jun,0.33,0.1,7,0.32,0.44,8.0,0.02,0.5,0.25,15.0,19.0,90.91
V2,2019,3,Jul-Sep,2.31,0.06,5,0.31,2.02,7.0,0.02,0.5,0.31,9.0,16.0,72.73
V2,2019,4,Oct-Dec,0.92,0.12,6,0.32,1.27,7.0,0.01,0.5,0.25,10.0,19.0,72.73
VRB20,2019,1,Jan-Mar,0.1,1.7,45,0.76,0.13,15.0,0.06,2.1,0.61,46.0,118.0,81.82
VRB20,2019,2,Apr-Jun,0.04,1.62,50,0.91,0.11,19.0,0.1,3.27,0.34,49.0,158.0,81.82
VRB20,2019,3,Jul-Sep,0.05,2.12,57,0.93,0.07,22.0,0.12,2.78,0.46,67.0,190.0,81.82
VRB20,2019,4,Oct-Dec,0.12,4.32,51,0.95,0.06,18.0,0.18,1.88,0.7,58.0,158.0,81.82
VRB37,2019,1,Jan-Mar,0.03,1.2,47,0.75,0.14,18.0,0.21,3.1,0.6,44.0,158.0,72.73
VRB37,2019,2,Apr-Jun,0.04,1.55,50,0.89,0.04,19.0,0.14,3.12,0.4,52.0,158.0,81.82
VRB37,2019,3,Jul-Sep,0.09,3.23,53,0.97,0.16,23.0,0.24,2.92,0.53,62.0,196.0,72.73
VRB37,2019,4,Oct-Dec,0.11,5.1,49,0.96,0.05,19.0,0.33,1.78,0.76,59.0,165.0,72.73
B10,2020,1,Jan-Mar,0.05,0.23,54,0.52,0.06,22.0,0.1,1.21,0.69,64.0,172.0,90.91
B10,2020,2,Apr-Jun,0.04,0.47,58,0.85,0.09,25.0,0.04,1.74,0.37,61.0,256.0,81.82
B10,2020,3,Jul-Sep,0.03,0.47,74,0.44,0.05,35.0,0.12,1.93,0.42,86.0,271.0,81.82
B10,2020,4,Oct-Dec,0.1,0.73,67,0.96,0.09,31.0,0.39,1.86,1.24,86.0,240.0,72.73
K19,2020,1,Jan-Mar,0.06,3.53,46,0.5,0.13,17.0,0.26,2.49,1.03,45.0,141.0,72.73
K19,2020,2,Apr-Jun,0.1,2.71,51,0.71,0.19,21.0,0.07,4.35,0.63,49.0,141.0,81.82
K19,2020,3,Jul-Sep,0.04,3.73,58,0.41,0.11,23.0,0.14,5.32,0.6,66.0,126.0,81.82
K19,2020,4,Oct-Dec,0.21,4.73,52,0.84,0.36,18.0,0.15,2.77,1.85,56.0,146.0,81.82
LS1,2020,1,Jan-Mar,1.13,3,36,0.43,0.14,13.0,0.15,0.5,0.88,43.0,42.0,72.73
LS1,2020,2,Apr-Jun,,,0,0.0,0,0.0,0.0,0,0,0.0,0.0,18.18
LS1,2020,3,Jul-Sep,0.06,0.92,29,0.35,0.05,10.0,0.02,0.8,0.29,51.0,56.0,90.91
LS1,2020,4,Oct-Dec,0.12,1.13,34,0.56,0.27,12.0,0.26,0.5,1.88,89.0,41.0,72.73
RV2,2020,1,Jan-Mar,0.07,5.83,32,0.39,0.22,14.0,0.17,0.5,0.96,34.0,73.0,81.82
RV2,2020,2,Apr-Jun,0.05,6.77,39,0.67,0.21,17.0,0.14,0.95,0.87,40.0,89.0,81.82
RV2,2020,3,Jul-Sep,0.04,9.12,43,0.35,0.25,15.0,0.13,1.3,1.31,43.0,81.0,81.82
RV2,2020,4,Oct-Dec,0.17,8.11,39,0.76,0.32,17.0,0.32,0.55,2.11,65.0,90.0,72.73
S2,2020,1,Jan-Mar,0.08,0.43,50,0.48,0.07,20.0,0.05,1.33,0.4,58.0,147.0,90.91
S2,2020,2,Apr-Jun,0.06,0.38,55,0.78,0.08,25.0,0.03,2.04,0.27,61.0,225.0,81.82
S2,2020,3,Jul-Sep,0.06,0.08,71,0.39,0.06,34.0,0.04,2.53,0.32,83.0,236.0,81.82
S2,2020,4,Oct-Dec,0.05,1.28,73,0.98,0.08,26.0,0.07,1.61,1.98,73.0,206.0,72.73
TW2,2020,1,Jan-Mar,0.04,0.08,117,0.73,0.07,17.0,0.09,0.58,1.18,61.0,67.0,81.82
TW2,2020,2,Apr-Jun,,,0,0.0,0,0.0,0.0,0,0,0.0,0.0,18.18
TW2,2020,3,Jul-Sep,0.12,0.05,88,0.6,0.18,20.0,0.11,0.72,0.5,57.0,79.0,81.82
TW2,2020,4,Oct-Dec,0.15,0.2,96,1.14,0.3,55.0,0.14,0.77,2.54,86.0,82.0,72.73
V17,2020,1,Jan-Mar,0.07,1.11,41,0.35,0.11,13.0,0.06,2.45,0.66,34.0,117.0,81.82
V17,2020,2,Apr-Jun,0.03,1.12,47,0.72,0.04,19.0,0.03,3.19,0.32,46.0,134.0,81.82
V17,2020,3,Jul-Sep,0.04,4.59,51,0.4,0.04,20.0,0.03,2.7,0.57,55.0,125.0,81.82
V17,2020,4,Oct-Dec,0.1,3.75,47,0.55,0.09,19.0,0.03,2.7,1.42,59.0,122.0,81.82
V2,2020,1,Jan-Mar,0.35,0.08,10,0.26,0.48,8.0,0.01,0.53,0.27,12.0,22.0,90.91
V2,2020,2,Apr-Jun,0.31,0.1,9,0.32,0.36,11.0,0.08,0.5,0.25,22.0,24.0,90.91
V2,2020,3,Jul-Sep,0.42,0.08,19,0.31,0.87,7.0,0.02,2.2,0.25,12.0,28.0,90.91
V2,2020,4,Oct-Dec,0.4,0.14,8,0.35,0.72,10.0,0.06,0.5,0.26,22.0,23.0,90.91
VRB20,2020,1,Jan-Mar,0.13,1.34,46,0.42,0.12,17.0,0.16,2.2,1.57,46.0,128.0,81.82
VRB20,2020,2,Apr-Jun,0.04,1.02,49,0.81,0.11,21.0,0.08,3.92,0.32,48.0,144.0,81.82
VRB20,2020,3,Jul-Sep,0.04,2.43,63,0.33,0.05,22.0,0.04,4.77,0.39,63.0,157.0,81.82
VRB20,2020,4,Oct-Dec,0.05,3.45,45,0.5,0.03,18.0,0.05,3.08,1.49,56.0,118.0,81.82
VRB37,2020,1,Jan-Mar,0.06,1.02,43,0.47,0.08,17.0,0.2,2.92,1.49,46.0,126.0,81.82
VRB37,2020,2,Apr-Jun,0.19,1.24,47,0.78,0.21,19.0,0.13,3.82,0.38,45.0,136.0,81.82
VRB37,2020,3,Jul-Sep,0.05,3.28,68,0.31,0.13,22.0,0.09,4.22,0.48,63.0,162.0,81.82
VRB37,2020,4,Oct-Dec,0.05,3.52,48,0.5,0.07,18.0,0.09,3.03,1.52,59.0,144.0,81.82
B10,2021,1,Jan-Mar,,0.24,51,0.72,0,0.0,0.0,0.92,1.36,0.0,123.0,54.55
B10,2021,2,Apr-Jun,0.08,0.17,69,0.92,0.1,28.0,0.07,1.65,0.54,73.0,230.0,81.82
B10,2021,3,Jul-Sep,0.07,0.46,85,1.11,0.07,43.0,0.11,1.98,1.07,230.0,436.0,54.55
B10,2021,4,Oct-Dec,0.13,0.16,71,0.99,0.14,30.0,0.41,1.45,1.02,76.0,251.0,72.73
K19,2021,1,Jan-Mar,0.05,3.35,46,0.63,0.09,18.0,0.02,3.35,1.32,42.0,138.0,81.82
K19,2021,2,Apr-Jun,0.05,3.83,60,0.86,0.06,16.0,0.18,3.27,0.91,51.0,139.0,81.82
K19,2021,3,Jul-Sep,0.07,6.45,60,0.84,0.2,21.0,0.47,1.94,1.98,68.0,170.0,72.73
K19,2021,4,Oct-Dec,0.06,5.43,53,0.8,0.12,20.0,0.25,0.9,1.85,56.0,158.0,72.73
LS1,2021,1,Jan-Mar,0.05,2.93,44,0.58,0.05,15.0,0.24,1.23,2.2,65.0,52.0,72.73
LS1,2021,2,Apr-Jun,0.05,2.4,55,0.72,0.03,15.0,0.06,0.59,0.88,75.0,70.0,81.82
LS1,2021,3,Jul-Sep,0.08,1.31,53,0.76,0.1,16.0,0.08,1.69,1.44,93.0,64.0,81.82
LS1,2021,4,Oct-Dec,0.84,1.27,34,0.72,0.31,12.0,0.32,0.57,1.85,41.0,62.0,63.64
RV2,2021,1,Jan-Mar,,4.86,34,0.58,0,0.0,0.0,2.52,1.97,0.0,75.0,45.45
RV2,2021,2,Apr-Jun,0.07,7.11,45,0.74,0.11,16.0,0.12,0.59,1.09,43.0,91.0,81.82
RV2,2021,3,Jul-Sep,0.06,9.47,45,0.66,0.38,17.0,0.27,0.5,2.84,47.0,95.0,72.73
RV2,2021,4,Oct-Dec,0.2,4.88,40,0.7,0.52,16.0,0.29,0.72,1.46,38.0,90.0,72.73
S2,2021,1,Jan-Mar,,0.12,53,0.72,0,0.0,0.0,1.56,1.01,0.0,135.0,54.55
S2,2021,2,Apr-Jun,0.06,0.12,68,0.89,0.08,24.0,0.13,2.63,0.39,63.0,213.0,81.82
S2,2021,3,Jul-Sep,0.06,0.12,87,1.02,0.06,41.0,0.1,2.78,0.95,180.0,372.0,54.55
S2,2021,4,Oct-Dec,0.9,0.32,71,0.91,0.17,28.0,0.14,1.55,1.19,73.0,241.0,72.73
TW2,2021,1,Jan-Mar,,0.22,154,1.02,0,0.0,0.0,1.25,3.04,0.0,75.0,36.36
TW2,2021,2,Apr-Jun,0.13,0.71,107,1.0,0.15,18.0,0.07,1.13,1.08,62.0,88.0,81.82
TW2,2021,3,Jul-Sep,0.17,0.29,101,0.95,0.27,19.0,0.06,1.03,1.67,65.0,73.0,81.82
TW2,2021,4,Oct-Dec,0.17,0.1,93,1.04,0.18,19.0,0.21,0.72,1.68,55.0,76.0,63.64
V17,2021,1,Jan-Mar,0.05,0.99,27,0.51,0.01,11.0,0.22,1.83,0.62,25.0,70.0,81.82
V17,2021,2,Apr-Jun,0.07,2.49,51,0.73,0.05,18.0,0.01,2.22,0.33,53.0,123.0,81.82
V17,2021,3,Jul-Sep,0.06,5.04,56,0.74,0.05,19.0,0.04,2.23,1.24,56.0,148.0,81.82
V17,2021,4,Oct-Dec,0.15,3.03,47,0.75,0.16,19.0,0.33,0.58,1.75,49.0,124.0,72.73
V2,2021,1,Jan-Mar,,0.2,14,0.34,0,0.0,0.0,0.64,0.19,0.0,22.0,54.55
V2,2021,2,Apr-Jun,0.28,0.77,12,0.35,0.41,8.0,0.05,0.59,0.25,14.0,23.0,90.91
V2,2021,3,Jul-Sep,0.41,0.35,10,0.36,1.52,8.0,0.03,0.59,0.36,13.0,25.0,81.82
V2,2021,4,Oct-Dec,0.49,0.13,9,0.36,0.75,8.0,0.02,0.53,0.17,12.0,22.0,90.91
VRB20,2021,1,Jan-Mar,0.05,0.87,34,0.6,0.02,20.0,0.01,2.37,0.62,49.0,100.0,90.91
VRB20,2021,2,Apr-Jun,0.07,2.68,51,0.75,0.04,19.0,0.02,2.3,0.61,54.0,125.0,81.82
VRB20,2021,3,Jul-Sep,0.06,5.38,52,0.82,0.07,21.0,0.15,2.55,1.65,65.0,174.0,81.82
VRB20,2021,4,Oct-Dec,0.12,3.68,49,0.75,0.16,20.0,0.24,0.66,1.94,53.0,139.0,72.73
VRB37,2021,1,Jan-Mar,0.23,1.23,35,0.56,0.6,7.0,0.01,2.52,0.92,12.0,101.0,81.82
VRB37,2021,2,Apr-Jun,0.06,2.56,55,0.81,0.07,19.0,0.05,2.96,0.86,56.0,131.0,81.82
VRB37,2021,3,Jul-Sep,0.07,6.17,62,0.88,0.18,22.0,0.27,2.83,2.12,67.0,187.0,72.73
VRB37,2021,4,Oct-Dec,0.12,4.43,54,0.82,0.17,22.0,0.25,0.82,2.14,58.0,166.0,72.73
B10,2011,1,Jan-Mar,0.01,0.12,44,0.42,0.02,17.0,0.13,0.69,0.42,42.0,120.0,90.91
B10,2011,2,Apr-Jun,0.01,0.35,60,0.34,0.01,19.0,0.08,1.05,0.38,52.0,113.0,90.91
B10,2011,3,Jul-Sep,0.03,0.48,76,0.26,0.01,22.0,0.17,1.89,0.41,60.0,149.0,81.82
B10,2011,4,Oct-Dec,0.03,0.14,76,0.32,0.01,22.0,0.14,1.6,0.53,79.0,120.0,81.82
K19,2011,1,Jan-Mar,0.01,0.33,48,0.29,0.02,18.0,0.19,3.1,0.5,42.0,130.0,90.91
K19,2011,2,Apr-Jun,0.01,0.8,52,0.27,0.04,19.0,0.25,3.91,0.28,45.0,139.0,81.82
K19,2011,3,Jul-Sep,0.02,0.61,56,0.17,0.02,19.0,0.4,4.99,0.3,45.0,124.0,81.82
K19,2011,4,Oct-Dec,0.01,0.46,55,0.25,0.02,16.0,0.25,4.2,0.35,51.0,130.0,81.82
LS1,2011,1,Jan-Mar,0.01,0.23,39,0.42,0.03,11.0,0.15,0.42,0.19,39.0,83.0,90.91
LS1,2011,2,Apr-Jun,0.03,0.24,86,0.67,0.08,17.0,0.29,0.98,0.25,89.0,252.0,63.64
LS1,2011,3,Jul-Sep,0.01,2.8,72,0.49,0.03,21.0,0.71,0.29,0.58,72.0,115.0,72.73
LS1,2011,4,Oct-Dec,0.02,0.17,55,0.7,0.05,13.0,0.46,0.15,0.38,65.0,105.0,81.82
RV2,2011,1,Jan-Mar,0.06,0.36,41,0.6,0.05,17.0,0.06,3.3,0.69,39.0,130.0,90.91
RV2,2011,2,Apr-Jun,0.01,0.48,47,0.48,0.01,20.0,0.13,4.26,0.93,41.0,139.0,90.91
RV2,2011,3,Jul-Sep,0.01,0.94,49,0.48,0.02,19.0,0.16,4.57,1.53,41.0,141.0,90.91
RV2,2011,4,Oct-Dec,0.1,0.35,41,0.44,0.02,17.0,0.13,5.1,1.1,40.0,135.0,90.91
S2,2011,1,Jan-Mar,0.09,0.12,31,0.3,0.13,14.0,0.04,0.63,0.18,28.0,78.0,90.91
S2,2011,2,Apr-Jun,0.01,0.24,51,0.31,0.01,18.0,0.04,0.99,0.22,41.0,93.0,90.91
S2,2011,3,Jul-Sep,0.01,0.24,69,0.24,0.01,21.0,0.03,1.85,0.16,48.0,123.0,90.91
S2,2011,4,Oct-Dec,0.04,0.12,75,0.31,0.01,22.0,0.02,0.9,0.28,72.0,115.0,90.91
TW2,2011,1,Jan-Mar,0.01,0.31,210,0.93,0.02,25.0,0.18,2.8,1.5,91.0,145.0,81.82
TW2,2011,2,Apr-Jun,0.01,0.24,166,0.84,0.02,24.0,0.12,2.52,1.44,91.0,124.0,81.82
TW2,2011,3,Jul-Sep,0.01,0.24,143,0.66,0.01,24.0,0.21,2.33,1.22,82.0,142.0,72.73
TW2,2011,4,Oct-Dec,0.04,0.23,145,0.77,0.03,23.0,0.45,0.75,1.7,96.0,150.0,72.73
V17,2011,1,Jan-Mar,0.69,0.16,17,0.29,0.37,9.9,0.02,1.4,0.22,18.0,49.0,81.82
V17,2011,2,Apr-Jun,0.06,0.26,44,0.21,0.06,20.0,0.03,1.97,0.36,39.0,116.0,90.91
V17,2011,3,Jul-Sep,0.01,0.31,53,0.26,0.03,20.0,0.01,3.28,0.24,38.0,128.0,90.91
V17,2011,4,Oct-Dec,0.02,0.15,55,5.0,0.01,18.0,0.04,2.2,0.24,52.0,115.0,81.82
V2,2011,1,Jan-Mar,1.2,0.24,10,0.2,0.77,7.7,0.42,0.35,0.04,12.0,26.0,81.82
V2,2011,2,Apr-Jun,1.01,0.74,20,0.36,0.77,9.0,0.03,1.75,0.81,12.0,56.0,81.82
V2,2011,3,Jul-Sep,2.09,0.24,5,0.17,1.28,6.0,0.02,0.34,0.06,7.0,13.0,72.73
V2,2011,4,Oct-Dec,1.2,0.12,10,0.18,0.71,6.6,0.02,0.23,0.06,7.9,15.0,81.82
VRB20,2011,1,Jan-Mar,0.39,0.12,23,0.24,0.25,10.0,0.02,1.5,0.17,23.0,53.0,90.91
VRB20,2011,2,Apr-Jun,0.01,0.38,47,0.33,0.02,17.0,0.07,2.56,0.28,38.0,132.0,90.91
VRB20,2011,3,Jul-Sep,0.01,0.39,56,0.19,0.01,20.0,0.1,4.13,0.2,45.0,121.0,90.91
VRB20,2011,4,Oct-Dec,0.02,0.12,55,0.26,0.02,16.0,0.06,3.1,0.23,51.0,115.0,90.91
VRB37,2011,1,Jan-Mar,0.37,0.18,22,0.26,0.23,10.0,0.04,1.4,0.2,22.0,55.0,90.91
VRB37,2011,2,Apr-Jun,0.01,0.45,47,0.3,0.02,18.0,0.21,2.98,0.24,39.0,148.0,81.82
VRB37,2011,3,Jul-Sep,0.01,0.37,55,0.19,0.06,19.0,0.3,4.5,0.26,50.0,119.0,81.82
VRB37,2011,4,Oct-Dec,0.03,0.27,54,0.25,0.02,17.0,0.21,3.1,0.24,50.0,135.0,81.82
B10,2012,1,Jan-Mar,0.09,0.12,53,0.37,0.01,16.0,0.03,0.66,0.61,45.0,78.0,90.91
B10,2012,2,Apr-Jun,0.04,0.38,61,0.34,0.01,17.0,0.04,1.3,0.49,61.0,86.0,90.91
B10,2012,3,Jul-Sep,0.02,0.13,64,0.32,0.01,18.0,0.08,2.4,0.46,59.0,99.0,90.91
B10,2012,4,Oct-Dec,0.01,0.12,56,0.32,0.03,17.0,0.07,1.2,0.52,51.0,110.0,90.91
K19,2012,1,Jan-Mar,0.04,0.24,43,0.24,0.02,14.0,0.05,2.7,0.41,38.0,105.0,90.91
K19,2012,2,Apr-Jun,0.01,0.3,53,0.2,0.01,14.0,0.09,4.9,0.27,46.0,85.0,90.91
K19,2012,3,Jul-Sep,0.01,0.27,56,0.28,0.02,16.0,0.2,3.9,0.38,50.0,100.0,90.91
K19,2012,4,Oct-Dec,0.02,0.32,41,0.24,0.27,14.0,0.16,2.8,0.58,39.0,90.0,90.91
LS1,2012,1,Jan-Mar,0,0.12,61,0.72,0.03,14.0,0.14,0.10,0.27,83.0,215.0,72.73
LS1,2012,2,Apr-Jun,0.01,0.24,77,0.75,0.02,16.0,0.03,0.28,0.05,100.0,255.0,81.82
LS1,2012,3,Jul-Sep,0.01,0.1,105,0.89,0.05,12.0,0.18,1.2,1.2,105.0,110.0,72.73
LS1,2012,4,Oct-Dec,0.01,0.16,62,0.66,0.06,9.0,0.14,0.15,13,61.0,125.0,90.91
RV2,2012,1,Jan-Mar,0.02,0.53,37,0.43,0.01,16.0,0.02,2.8,1.2,34.0,140.0,90.91
RV2,2012,2,Apr-Jun,0.01,0.53,37,0.49,0.01,17.0,0.05,5.1,1,40.0,145.0,90.91
RV2,2012,3,Jul-Sep,0.02,0.91,40,0.41,0.03,17.0,0.07,3.5,1.1,42.0,105.0,90.91
RV2,2012,4,Oct-Dec,0.04,0.24,32,0.33,0.07,17.0,0.04,4.2,0.94,30.0,135.0,90.91
S2,2012,1,Jan-Mar,0.03,0.12,47,0.39,0.03,15.0,0.03,0.61,0.39,41.0,72.0,90.91
S2,2012,2,Apr-Jun,0.01,0.24,63,0.31,0.01,15.0,0.02,1.2,0.28,53.0,83.0,90.91
S2,2012,3,Jul-Sep,0.02,0.18,68,0.34,0.03,17.0,0.03,2.1,0.26,55.0,96.0,90.91
S2,2012,4,Oct-Dec,0.01,0.11,57,0.29,0.04,17.0,0.02,1.3,0.3,49.0,105.0,90.91
TW2,2012,1,Jan-Mar,0,0.12,120,0.76,0.02,16.0,0.28,0.94,1.8,71.0,90.0,63.64
TW2,2012,2,Apr-Jun,0.08,0.24,135,0.64,0.05,18.0,0.13,0.79,1.2,69.0,120.0,81.82
TW2,2012,3,Jul-Sep,0.01,0.12,115,0.65,0.04,20.0,0.18,0.92,1.4,75.0,96.0,81.82
TW2,2012,4,Oct-Dec,0.01,0.11,96,0.74,0.03,17.0,0.16,0.56,1.3,57.0,105.0,81.82
V17,2012,1,Jan-Mar,0.03,0.12,41,0.34,0.02,15.0,0.06,1.3,0.34,35.0,105.0,90.91
V17,2012,2,Apr-Jun,0.01,0.24,46,0.29,0.01,14.0,0.16,2.6,0.21,40.0,93.0,90.91
V17,2012,3,Jul-Sep,0.03,0.15,42,0.28,0.05,15.0,0.04,2.8,0.26,43.0,74.0,90.91
V17,2012,4,Oct-Dec,0.02,0.18,48,0.27,0.04,15.0,0.03,2.1,0.31,37.0,125.0,90.91
V2,2012,1,Jan-Mar,0.56,0.12,10,0.25,0.4,7.0,0.02,0.42,0.3,8.6,13.0,81.82
V2,2012,2,Apr-Jun,0.2,0.24,10,0.32,0.17,8.0,0.03,0.66,0.05,15.0,23.0,100.0
V2,2012,3,Jul-Sep,0.15,0.11,13,0.21,0.16,9.0,0.02,0.54,0.06,14.0,23.0,90.91
V2,2012,4,Oct-Dec,0.87,0.11,10,0.19,0.69,7.0,0.02,0.32,0.07,11.0,21.0,81.82
VRB20,2012,1,Jan-Mar,0.05,0.12,38,0.74,0.02,14.0,0.03,3.8,0.29,35.0,110.0,90.91
VRB20,2012,2,Apr-Jun,0.01,0.24,52,0.24,0.01,14.0,0.1,3.6,0.18,45.0,84.0,90.91
VRB20,2012,3,Jul-Sep,0.01,0.23,51,0.27,0.01,16.0,0.13,3.5,0.38,44.0,95.0,90.91
VRB20,2012,4,Oct-Dec,0.01,0.18,50,0.27,0.02,14.0,0.1,2.6,0.42,39.0,140.0,90.91
VRB37,2012,1,Jan-Mar,0.03,0.12,35,0.65,0.03,14.0,0.06,2.5,0.29,35.0,105.0,90.91
VRB37,2012,2,Apr-Jun,0.01,0.24,51,0.23,0.01,14.0,0.12,4.1,0.21,45.0,84.0,90.91
VRB37,2012,3,Jul-Sep,0.01,0.2,56,0.26,0.01,16.0,0.16,3.9,0.48,49.0,100.0,90.91
VRB37,2012,4,Oct-Dec,0.01,0.28,46,0.28,0.02,15.0,0.05,2.6,0.46,38.0,100.0,90.91
B10,2013,1,Jan-Mar,0.01,0.14,51,0.32,0.01,15.0,0.03,1.35,0.57,46.0,66.0,90.91
B10,2013,2,Apr-Jun,0.01,0.17,58,0.36,0.02,16.0,0.04,1.1,0.48,49.0,82.0,90.91
B10,2013,3,Jul-Sep,0.01,0.5,67,0.29,0.05,16.0,0.13,2.3,0.6,66.0,105.0,90.91
B10,2013,4,Oct-Dec,0.01,0.9,63,0.37,0.03,16.0,0.18,2.5,0.64,61.0,93.0,90.91
K19,2013,1,Jan-Mar,0.01,0.2,46,0.25,0.01,15.0,0.06,3.11,0.42,39.0,93.0,90.91
K19,2013,2,Apr-Jun,0.01,0.24,47,0.25,0.02,16.0,0.08,4,0.28,39.0,115.0,90.91
K19,2013,3,Jul-Sep,0.28,0.37,53,0.24,0.08,14.0,0.12,4.1,0.35,44.0,93.0,90.91
K19,2013,4,Oct-Dec,0.01,0.6,51,0.28,0.03,16.0,0.18,3.6,0.64,49.0,110.0,90.91
LS1,2013,1,Jan-Mar,0.01,0.11,66,0.77,0.03,12.0,0.1,0.9,0.26,74.0,185.0,90.91
LS1,2013,2,Apr-Jun,0.01,0.1,90,0.98,0.04,13.0,0.05,0.91,0.2,97.0,235.0,72.73
LS1,2013,3,Jul-Sep,0.01,0.1,105,1.1,0.07,13.0,0.16,0.82,0.19,105.0,205.0,54.55
LS1,2013,4,Oct-Dec,0.02,0.67,80,0.99,0.03,9.0,0.2,0.4,0.26,73.0,145.0,81.82
RV2,2013,1,Jan-Mar,0.01,0.72,31,0.29,0.01,16.0,0.05,2.8,0.72,34.0,98.0,90.91
RV2,2013,2,Apr-Jun,0.02,0.76,30,0.28,0.02,16.0,0.04,3.7,0.66,29.0,120.0,90.91
RV2,2013,3,Jul-Sep,0.02,2.3,34,0.25,0.04,18.0,0.16,4.6,1.1,34.0,125.0,81.82
RV2,2013,4,Oct-Dec,0.01,1.5,32,0.34,0.03,16.0,0.06,3.6,1,35.0,115.0,81.82
S2,2013,1,Jan-Mar,0.01,0.11,47,0.31,0.01,15.0,0.02,1.1,0.28,43.0,67.0,90.91
S2,2013,2,Apr-Jun,0.02,0.17,65,0.38,0.02,15.0,0.02,2,0.29,44.0,88.0,90.91
S2,2013,3,Jul-Sep,0.01,0.11,68,0.28,0.05,17.0,0.03,2.5,0.29,65.0,100.0,90.91
S2,2013,4,Oct-Dec,0.08,0.18,60,0.32,0.03,16.0,0.01,1.6,0.36,59.0,81.0,90.91
TW2,2013,1,Jan-Mar,0.01,0.12,135,0.82,0.04,21.0,0.18,1.05,1.6,71.0,125.0,81.82
TW2,2013,2,Apr-Jun,0.01,0.1,135,0.71,0.02,23.0,0.1,1.3,0.85,79.0,130.0,81.82
TW2,2013,3,Jul-Sep,0.01,0.1,110,0.59,0.03,20.0,0.11,1.6,0.96,68.0,94.0,81.82
TW2,2013,4,Oct-Dec,0.01,0.18,110,0.74,0.08,19.0,0.26,0.55,1.3,65.0,98.0,72.73
V17,2013,1,Jan-Mar,0.01,0.13,37,0.28,0.01,15.0,0.03,1.65,0.28,34.0,97.0,90.91
V17,2013,2,Apr-Jun,0.01,0.27,39,0.3,0.02,15.0,0.07,2.6,0.2,32.0,96.0,90.91
V17,2013,3,Jul-Sep,0.03,0.19,45,0.25,0.04,16.0,0.07,3.7,0.25,44.0,91.0,90.91
V17,2013,4,Oct-Dec,0.01,0.32,48,0.32,0.03,16.0,0.39,2.3,0.4,46.0,100.0,81.82
V2,2013,1,Jan-Mar,0.24,0.11,10,0.25,0.48,8.0,0.4,0.29,0.06,9.0,21.0,81.82
V2,2013,2,Apr-Jun,0.16,0.15,10,0.23,0.17,7.0,0.02,0.36,0.1,8.0,17.0,90.91
V2,2013,3,Jul-Sep,0.65,0.14,14,0.2,0.35,7.0,0.05,1.1,0.08,10.0,25.0,81.82
V2,2013,4,Oct-Dec,1.6,0.18,10,0.22,0.44,7.0,0.06,0.31,0.28,10.0,14.0,81.82
VRB20,2013,1,Jan-Mar,0.02,0.15,43,0.35,0.01,16.0,0.02,2.37,0.32,35.0,90.0,90.91
VRB20,2013,2,Apr-Jun,0.02,0.14,44,0.21,0.1,15.0,0.05,3,0.21,39.0,76.0,90.91
VRB20,2013,3,Jul-Sep,0.01,0.1,56,0.23,0.01,16.0,0.04,4.8,0.31,50.0,93.0,90.91
VRB20,2013,4,Oct-Dec,0.02,0.55,49,0.36,0.03,15.0,0.07,2.8,0.32,45.0,97.0,90.91
VRB37,2013,1,Jan-Mar,0.01,0.16,45,0.26,0.02,14.0,0.02,3.17,0.32,40.0,79.0,90.91
VRB37,2013,2,Apr-Jun,0.01,0.25,43,0.19,0.01,16.0,0.09,3.3,0.29,42.0,74.0,90.91
VRB37,2013,3,Jul-Sep,0.01,0.47,56,0.22,0.02,16.0,0.15,4.5,0.34,52.0,94.0,90.91
VRB37,2013,4,Oct-Dec,0.04,0.34,49,0.3,0.04,14.0,0.14,3.2,0.41,47.0,91.0,90.91
B10,2014,1,Jan-Mar,0.01,0.24,39,0.35,0.04,16.0,0.08,1.1,0.58,45.0,61.0,90.91
B10,2014,2,Apr-Jun,0.01,0.18,45,0.34,0.02,15.0,0.06,1.7,0.52,45.0,81.0,90.91
B10,2014,3,Jul-Sep,0.03,0.38,47,0.35,0.05,16.0,0.11,1.9,0.43,58.0,115.0,90.91
B10,2014,4,Oct-Dec,0.08,0.59,53,0.37,0.08,14.0,0.21,2,0.56,52.0,88.0,81.82
K19,2014,1,Jan-Mar,0.02,0.24,42,0.31,0.03,17.0,0.16,2.8,0.35,43.0,105.0,90.91
K19,2014,2,Apr-Jun,0.02,0.23,54,0.29,0.06,18.0,0.13,4.5,0.39,54.0,111.0,90.91
K19,2014,3,Jul-Sep,0.02,0.74,57,0.29,0.07,20.0,0.27,4.4,0.44,60.0,150.0,81.82
K19,2014,4,Oct-Dec,0.09,0.34,45,0.25,0.13,17.0,0.39,3.7,0.36,55.0,145.0,81.82
LS1,2014,1,Jan-Mar,0.05,0.25,85,1.1,0.04,11.0,0.2,0.51,0.34,110.0,225.0,54.55
LS1,2014,2,Apr-Jun,0.02,0.2,88,1.1,0.07,11.0,0.09,1.4,0.08,100.0,227.0,63.64
LS1,2014,3,Jul-Sep,0.14,0.25,110,0.8,0.18,11.0,0.1,0.54,0.1,94.0,165.0,81.82
LS1,2014,4,Oct-Dec,0.1,0.18,58,0.75,0.13,9.0,0.19,0.98,0.45,72.0,60.0,90.91
RV2,2014,1,Jan-Mar,0.05,0.44,31,0.39,0.04,17.0,0.09,3.3,0.73,35.0,92.0,90.91
RV2,2014,2,Apr-Jun,0.01,3,35,0.32,0.04,18.0,0.08,2.9,0.97,38.0,114.0,81.82
RV2,2014,3,Jul-Sep,0.74,4,41,0.26,0.4,16.0,0.14,4,0.87,38.0,105.0,72.73
RV2,2014,4,Oct-Dec,0.18,2.6,42,0.44,0.34,16.0,0.45,2.5,0.88,40.0,110.0,72.73
S2,2014,1,Jan-Mar,0.06,0.24,35,0.32,0.05,14.0,0.05,0.99,0.37,35.0,47.0,90.91
S2,2014,2,Apr-Jun,0.02,0.18,43,0.33,0.02,15.0,0.03,1.8,0.3,40.0,73.0,90.91
S2,2014,3,Jul-Sep,0.01,0.24,46,0.27,0.04,17.0,0.06,1.5,0.22,69.0,80.0,90.91
S2,2014,4,Oct-Dec,0.07,0.17,54,0.36,0.08,16.0,0.06,1.3,0.22,57.0,85.0,90.91
TW2,2014,1,Jan-Mar,0.02,0.25,120,0.79,0.05,25.0,0.3,1.6,1.3,86.0,115.0,72.73
TW2,2014,2,Apr-Jun,0.02,0.22,132,0.7,0.05,24.0,0.15,1.5,1,74.0,129.0,81.82
TW2,2014,3,Jul-Sep,0.08,0.25,96,0.44,0.11,19.0,0.27,1.7,1.3,67.0,120.0,72.73
TW2,2014,4,Oct-Dec,0.17,0.72,55,0.41,0.23,16.0,0.29,1.1,5.1,52.0,88.0,81.82
V17,2014,1,Jan-Mar,0.3,0.24,21,0.32,0.1,11.0,0.05,1.2,0.27,21.0,44.0,90.91
V17,2014,2,Apr-Jun,0.09,0.22,42,0.3,0.07,16.0,0.05,2.9,0.25,39.0,88.0,90.91
V17,2014,3,Jul-Sep,0.04,1.1,51,0.28,0.08,18.0,0.05,3.1,0.31,52.0,145.0,81.82
V17,2014,4,Oct-Dec,0.16,1.3,38,0.32,0.22,16.0,0.2,2.4,0.85,49.0,100.0,81.82
V2,2014,1,Jan-Mar,0.51,0.24,10,0.27,0.23,9.0,0.06,0.47,0.16,11.0,20.0,81.82
V2,2014,2,Apr-Jun,0.66,0.2,18,0.29,0.61,8.0,0.05,0.52,0.16,11.0,24.0,81.82
V2,2014,3,Jul-Sep,1.7,0.86,14,0.24,1.1,9.0,0.04,0.97,0.19,15.0,43.0,72.73
V2,2014,4,Oct-Dec,3.3,0.18,10,0.21,2.2,7.0,0.08,0.79,0.34,10.0,19.0,72.73
VRB20,2014,1,Jan-Mar,0.26,0.25,27,0.33,0.12,12.0,0.03,1.7,0.28,27.0,51.0,90.91
VRB20,2014,2,Apr-Jun,0.07,0.24,36,0.27,0.06,15.0,0.15,2.6,0.26,44.0,81.0,90.91
VRB20,2014,3,Jul-Sep,0.01,0.41,54,0.24,0.16,19.0,0.04,4.6,0.32,57.0,145.0,90.91
VRB20,2014,4,Oct-Dec,0.01,1,53,0.36,0.02,15.0,0.01,3.8,0.33,47.0,160.0,90.91
VRB37,2014,1,Jan-Mar,0.11,0.25,32,0.33,0.16,14.0,0.05,1.9,0.31,32.0,73.0,90.91
VRB37,2014,2,Apr-Jun,0.04,0.24,38,0.27,0.17,16.0,0.04,3.1,0.29,49.0,81.0,90.91
VRB37,2014,3,Jul-Sep,0.02,0.49,53,0.28,0.05,20.0,0.16,5,0.28,58.0,150.0,90.91
VRB37,2014,4,Oct-Dec,0.07,0.32,40,0.28,0.1,18.0,0.39,2.9,0.42,47.0,100.0,81.82
B10,2015,1,Jan-Mar,0.12,0.51,51,0.33,0.15,14.0,0.12,1.54,0.71,49.0,68.0,90.91
B10,2015,2,Apr-Jun,0.11,0.28,58,0.33,0.19,16.0,0.06,2.79,0.76,63.0,72.0,90.91
B10,2015,3,Jul-Sep,0.11,0.17,61,0.3,0.14,20.0,0.15,3.6,0.88,80.0,98.0,90.91
B10,2015,4,Oct-Dec,0.07,1.12,59,0.36,0.13,18.0,0.28,4.83,1.25,77.0,100.0,72.73
K19,2015,1,Jan-Mar,0.11,0.47,43,0.23,0.13,18.0,0.21,6.21,0.42,55.0,161.0,72.73
K19,2015,2,Apr-Jun,0.17,0.29,49,0.28,0.26,22.0,0.31,6.8,0.4,68.0,260.0,63.64
K19,2015,3,Jul-Sep,0.12,0.29,44,0.25,0.18,27.0,0.42,6.15,0.56,69.0,144.0,72.73
K19,2015,4,Oct-Dec,0.05,0.62,58,0.34,0.07,17.0,0.24,7.39,0.67,69.0,123.0,72.73
LS1,2015,1,Jan-Mar,0.19,0.53,100,0.8,0.2,9.0,0.14,1.2,0.47,120.0,173.0,72.73
LS1,2015,2,Apr-Jun,0.19,0.50,64,0.86,0.23,8.0,0.07,1.47,0.19,92.0,93.0,90.91
LS1,2015,3,Jul-Sep,0.13,0.08,8,0.5,0.19,10.0,0.25,1.58,0.13,155.0,28.0,72.73
LS1,2015,4,Oct-Dec,0.13,0.46,137,0.77,0.16,7.0,0.2,2.67,0.32,139.0,340.0,63.64
RV2,2015,1,Jan-Mar,0.09,2.85,35,0.3,0.18,14.0,0.22,4.16,0.79,35.0,100.0,72.73
RV2,2015,2,Apr-Jun,0.17,1.5,33,0.26,0.27,14.0,0.14,5.26,0.65,35.0,96.0,81.82
RV2,2015,3,Jul-Sep,0.1,1.47,40,0.32,0.19,16.0,0.19,6.3,0.94,44.0,96.0,72.73
RV2,2015,4,Oct-Dec,0.08,5.09,32,0.61,0.16,14.0,0.07,2.21,0.98,43.0,88.0,81.82
S2,2015,1,Jan-Mar,0.12,0.73,47,0.35,0.12,14.0,0.07,1.54,0.43,49.0,73.0,90.91
S2,2015,2,Apr-Jun,0.13,0.22,51,0.31,0.18,15.0,0.06,2.12,0.39,59.0,69.0,90.91
S2,2015,3,Jul-Sep,0.1,0.12,53,0.31,0.13,18.0,0.06,2.47,0.41,68.0,84.0,90.91
S2,2015,4,Oct-Dec,0.08,0.5,62,0.42,0.07,18.0,0.05,0.88,0.36,72.0,90.0,90.91
TW2,2015,1,Jan-Mar,0.18,0.43,143,0.62,0.18,18.0,0.38,0.96,1.57,77.0,91.0,72.73
TW2,2015,2,Apr-Jun,0.14,0.37,105,0.75,0.15,22.0,0.15,1.2,0.95,73.0,102.0,81.82
TW2,2015,3,Jul-Sep,0.3,0.37,68,0.53,0.33,23.0,0.31,1.43,1.12,66.0,101.0,81.82
TW2,2015,4,Oct-Dec,0.38,0.44,115,0.76,0.3,23.0,0.36,1.09,1.4,76.0,120.0,72.73
V17,2015,1,Jan-Mar,0.09,0.52,38,0.29,0.3,15.0,0.09,2.07,0.29,42.0,119.0,90.91
V17,2015,2,Apr-Jun,0.11,0.56,46,0.26,0.13,17.0,0.17,4.13,0.27,54.0,164.0,90.91
V17,2015,3,Jul-Sep,0.09,0.75,42,0.28,0.09,21.0,0.04,3.46,0.4,58.0,107.0,90.91
V17,2015,4,Oct-Dec,0.05,0.69,53,0.42,0.05,18.0,0.05,2.99,0.39,58.0,127.0,90.91
V2,2015,1,Jan-Mar,3.69,0.47,6,0.2,1.37,7.0,0.14,0.39,0.2,10.0,16.0,72.73
V2,2015,2,Apr-Jun,3,0.21,19,0.29,1.25,8.0,0.03,0.5,0.13,11.0,30.0,72.73
V2,2015,3,Jul-Sep,3.54,0.11,8,0.21,1.57,9.0,0.05,0.22,0.09,12.0,18.0,72.73
V2,2015,4,Oct-Dec,3.32,0.53,5,0.24,2.24,8.0,0.06,0.46,0.19,17.0,15.0,72.73
VRB20,2015,1,Jan-Mar,0.09,0.25,45,0.29,0.09,17.0,0.16,3.54,0.35,47.0,154.0,90.91
VRB20,2015,2,Apr-Jun,0.08,1.19,47,0.24,0.12,18.0,0.2,5.3,0.44,56.0,167.0,81.82
VRB20,2015,3,Jul-Sep,0.06,0.2,53,0.31,0.06,23.0,0.18,6.94,0.36,63.0,191.0,81.82
VRB20,2015,4,Oct-Dec,0.07,0.44,47,0.35,0.06,17.0,0.11,6.66,0.48,58.0,107.0,81.82
VRB37,2015,1,Jan-Mar,0.05,0.50,48,0.27,0.06,17.0,0.16,4.08,0.32,51.0,175.0,90.91
VRB37,2015,2,Apr-Jun,0.16,0.50,44,0.26,0.23,20.0,0.24,5.25,0.37,54.0,152.0,81.82
VRB37,2015,3,Jul-Sep,0.09,0.15,53,0.28,0.14,24.0,0.34,5.98,0.41,64.0,208.0,72.73
VRB37,2015,4,Oct-Dec,0.08,0.58,39,0.35,0.1,17.0,0.47,6.36,0.41,51.0,124.0,72.73
B10,2016,1,Jan-Mar,0.18,0.35,65,0.36,0.23,19.0,0.23,1.53,0.79,79.0,103.0,81.82
B10,2016,2,Apr-Jun,0.18,0.53,51,0.31,0.23,16.0,0.13,1.83,0.53,59.0,101.0,90.91
B10,2016,3,Jul-Sep,0.14,0.41,64,0.34,0.17,29.0,0.19,1.72,0.52,89.0,279.0,81.82
B10,2016,4,Oct-Dec,0.21,0.31,64,0.4,0.24,29.0,0.16,1.65,0.56,76.0,279.0,81.82
K19,2016,1,Jan-Mar,0.16,0.23,41,0.23,0.27,20.0,0.35,4.41,1.55,54.0,177.0,81.82
K19,2016,2,Apr-Jun,0.18,0.8,41,0.19,0.27,23.0,0.32,4.66,0.35,59.0,164.0,81.82
K19,2016,3,Jul-Sep,0.07,2.53,56,0.25,0.16,24.0,0.39,5.08,0.53,66.0,238.0,63.64
K19,2016,4,Oct-Dec,0.09,1.73,49,0.29,0.15,19.0,0.25,2.94,0.8,59.0,220.0,63.64
LS1,2016,1,Jan-Mar,0.15,0.1,155,0.69,0.21,5.0,0.19,2.4,0.19,116.0,317.0,63.64
LS1,2016,2,Apr-Jun,0.18,0.45,104,0.2,0.17,7.0,0.05,6.6,0.17,128.0,218.0,54.55
LS1,2016,3,Jul-Sep,0.07,0.2,112,0.2,0.11,6.0,0.25,4.23,0.1,147.0,218.0,54.55
LS1,2016,4,Oct-Dec,0.24,0.2,86,0.49,0.13,6.0,0.12,1.22,0.19,93.0,180.0,81.82
RV2,2016,1,Jan-Mar,0.16,2.19,34,0.53,0.28,14.0,0.2,2.12,0.67,36.0,91.0,81.82
RV2,2016,2,Apr-Jun,0.16,2.2,39,0.34,0.28,15.0,0.22,3.13,0.62,42.0,99.0,72.73
RV2,2016,3,Jul-Sep,0.07,5.01,40,0.37,0.21,16.0,0.4,2.69,0.74,42.0,121.0,72.73
RV2,2016,4,Oct-Dec,0.22,4.56,34,0.44,0.41,13.0,0.18,2.04,0.84,37.0,114.0,81.82
S2,2016,1,Jan-Mar,0.09,0.12,68,0.39,0.12,19.0,0.05,1.19,0.89,78.0,125.0,90.91
S2,2016,2,Apr-Jun,0.14,0.5,53,0.27,0.17,16.0,0.05,1.87,0.34,58.0,87.0,90.91
S2,2016,3,Jul-Sep,0.11,0.9,78,0.28,0.19,28.0,0.07,1.71,0.33,86.0,279.0,72.73
S2,2016,4,Oct-Dec,0.48,0.34,53,0.38,0.18,25.0,0.05,1.71,0.42,71.0,229.0,81.82
TW2,2016,1,Jan-Mar,2,0.1,99,0.48,0.4,21.0,0.26,0.5,1.45,56.0,91.0,63.64
TW2,2016,2,Apr-Jun,0.32,0.2,133,0.34,0.32,20.0,0.18,1.95,0.89,82.0,115.0,81.82
TW2,2016,3,Jul-Sep,0.24,0.2,117,0.54,0.18,20.0,0.13,0.77,0.86,68.0,105.0,81.82
TW2,2016,4,Oct-Dec,0.21,0.2,130,0.42,0.18,19.0,0.15,0.77,0.86,88.0,113.0,81.82
V17,2016,1,Jan-Mar,0.03,0.28,42,0.41,0.06,17.0,0.21,3.9,0.86,49.0,130.0,81.82
V17,2016,2,Apr-Jun,0.14,1.09,41,0.25,0.13,18.0,0.26,3.66,0.22,46.0,147.0,72.73
V17,2016,3,Jul-Sep,0.1,2.24,48,0.34,0.1,19.0,0.09,3.26,0.44,51.0,165.0,81.82
V17,2016,4,Oct-Dec,0.56,1.76,36,0.37,0.26,17.0,0.1,1.29,0.44,48.0,167.0,72.73
V2,2016,1,Jan-Mar,1.79,0.13,16,0.28,1.42,7.0,0.1,0.27,0.12,10.0,20.0,72.73
V2,2016,2,Apr-Jun,2.85,0.36,6,0.31,0.94,7.0,0.11,0.39,0.13,12.0,18.0,81.82
V2,2016,3,Jul-Sep,4.66,0.2,4,0.21,1.62,6.0,0.02,0.27,0.1,9.0,21.0,72.73
V2,2016,4,Oct-Dec,1.97,0.2,3,0.18,1.55,6.0,0.03,0.28,0.13,11.0,12.0,72.73
VRB20,2016,1,Jan-Mar,0.05,0.23,38,0.33,0.05,18.0,0.28,2.72,1.47,50.0,151.0,81.82
VRB20,2016,2,Apr-Jun,0.11,0.69,50,0.24,0.13,20.0,0.34,3.9,0.25,51.0,181.0,81.82
VRB20,2016,3,Jul-Sep,0.04,1.02,57,0.28,0.03,23.0,0.12,3.91,0.59,63.0,199.0,81.82
VRB20,2016,4,Oct-Dec,1.4,1.69,36,0.37,0.86,18.0,0.16,2.62,0.55,49.0,165.0,72.73
VRB37,2016,1,Jan-Mar,0.06,0.18,41,0.31,0.06,18.0,0.27,3.06,0.39,54.0,132.0,81.82
VRB37,2016,2,Apr-Jun,0.07,0.58,49,0.27,0.14,21.0,0.36,4.92,0.29,53.0,199.0,81.82
VRB37,2016,3,Jul-Sep,0.07,1.85,57,0.3,0.1,24.0,0.3,4.07,0.38,65.0,212.0,63.64
VRB37,2016,4,Oct-Dec,0.58,1.22,30,0.27,0.34,17.0,0.18,2.15,0.59,47.0,184.0,72.73
B10,2022,1,Jan-Mar,0.08,0.28,41,0.64,0.1,22.0,0.08,0.77,0.32,49.0,92.0,90.91
B10,2022,2,Apr-Jun,0.13,0.38,50,0.56,0.17,18.0,0.11,0.85,0.24,44.0,93.0,90.91
K19,2022,1,Jan-Mar,0.12,3.51,47,0.75,0.13,25.0,0.07,1.68,0.43,52.0,134.0,81.82
K19,2022,2,Apr-Jun,0.09,4.94,53,0.73,0.19,22.0,0.51,1.12,0.5,51.0,139.0,72.73
LS1,2022,1,Jan-Mar,0.21,2.64,62,0.97,0.35,19.0,0.17,0.59,1.14,63.0,117.0,81.82
LS1,2022,2,Apr-Jun,0.97,2.14,76,1.27,0.39,37.0,0.45,0.63,0.96,84.0,289.0,36.36
RV2,2022,1,Jan-Mar,0.21,3.72,40,0.68,0.37,22.0,0.16,1.3,0.45,45.0,81.0,81.82
RV2,2022,2,Apr-Jun,0.49,3.31,49,0.65,0.48,20.0,0.2,1.68,0.48,40.0,93.0,81.82
S2,2022,1,Jan-Mar,0.34,0.25,39,0.6,0.39,20.0,0.03,1.45,0.31,42.0,72.0,90.91
S2,2022,2,Apr-Jun,0.28,0.36,44,0.48,0.36,17.0,0.06,1.89,0.25,35.0,71.0,90.91
TW2,2022,1,Jan-Mar,0.21,0.1,122,0.98,0.17,31.0,0.13,1.49,0.84,66.0,88.0,81.82
TW2,2022,2,Apr-Jun,0.19,0.1,165,0.99,0.16,29.0,0.07,3.6,0.32,82.0,131.0,81.82
V17,2022,1,Jan-Mar,0.3,0.67,24,0.5,0.44,15.0,0.09,1.08,0.14,28.0,59.0,90.91
V17,2022,2,Apr-Jun,0.6,1.09,27,0.47,0.53,14.0,0.15,0.97,0.16,28.0,61.0,72.73
V2,2022,1,Jan-Mar,0.76,0.11,11,0.38,1.3,11.0,0.02,0.52,0.15,17.0,26.0,72.73
V2,2022,2,Apr-Jun,2.77,0.1,11,0.39,1.87,8.0,0.02,0.64,0.12,13.0,26.0,72.73
VRB20,2022,1,Jan-Mar,0.42,1.76,20,0.44,0.56,13.0,0.06,0.89,2.12,25.0,49.0,81.82
VRB20,2022,2,Apr-Jun,1,1.37,29,0.5,1,13.0,0.15,0.8,0.2,27.0,66.0,72.73
VRB37,2022,1,Jan-Mar,0.4,0.79,20,0.43,0.59,13.0,0.04,0.91,0.18,26.0,53.0,90.91
VRB37,2022,2,Apr-Jun,0.94,1.07,29,0.66,0.63,15.0,0.15,1.01,0.17,27.0,73.0,72.73
